user_id,name,affiliation,prev_rank,p_wins,p_win_pct,season_hits,week0_rank,week1_hits,week1_rate,week1_pct,week1_rank,week2_hits,week2_rate,week2_pct,week2_rank,week3_hits,week3_rate,week3_pct,week3_rank,week4_hits,week4_rate,week4_pct,week4_rank,week5_hits,week5_rate,week5_pct,week5_rank,week6_hits,week6_rate,week6_pct,week6_rank,week7_hits,week7_rate,week7_pct,week7_rank,week8_hits,week8_rate,week8_pct,week8_rank,week9_hits,week9_rate,week9_pct,week9_rank,week10_hits,week10_rate,week10_pct,week10_rank,week11_hits,week11_rate,week11_pct,week11_rank,week12_hits,week12_rate,week12_pct,week12_rank,week13_hits,week13_rate,week13_pct,week13_rank,week14_hits,week14_rate,week14_pct,week14_rank,week15_hits,week15_rate,week15_pct,week15_rank,week16_hits,week16_rate,week16_pct,week16_rank,week17_hits,week17_rate,week17_pct,week17_rank,week18_hits,week18_rate,week18_pct,week18_rank,week19_hits,week19_rate,week19_pct,week19_rank,week20_hits,week20_rate,week20_pct,week20_rank,week21_hits,week21_rate,week21_pct,week21_rank
146,ESPN Fans,ESPN,1,187,70.301,0,3.0,11,0,0.6875,0,6,0,0.375,0,14,0,0.875,0,9,0,0.6,0,11,0,0.7857142857142857,0,9,0,0.6428571428571429,0,10,0,0.7142857142857143,0,11,0,0.7857142857142857,0,8,0,0.6153846153846154,0,3,0,0.21428571428571427,0,8,0,0.5714285714285714,0,11,0,0.6875,0,10,0,0.625,0,8,0,0.5,0,12,0,0.75,0,10,0,0.625,0,9,0,0.5625,0,0,0,0,0,0,0,0,0,0,0,0,0,0,0,0,0
110,Pickwatch Fan Picks,Pickwatch,1,187,70.301,0,3.0,11,0,0.6875,0,6,0,0.375,0,13,0,0.8125,0,10,0,0.6666666666666666,0,10,0,0.7142857142857143,0,9,0,0.6428571428571429,0,10,0,0.7142857142857143,0,11,0,0.7857142857142857,0,8,0,0.6153846153846154,0,3,0,0.21428571428571427,0,6,0,0.42857142857142855,0,11,0,0.6875,0,11,0,0.6875,0,8,0,0.5,0,14,0,0.875,0,10,0,0.625,0,9,0,0.5625,0,0,0,0,0,0,0,0,0,0,0,0,0,0,0,0,0
46,Cris Carter,ESPN,1,187,70.301,0,3.0,9,0,0.5625,0,8,0,0.5,0,14,0,0.875,0,9,0,0.6,0,11,0,0.7857142857142857,0,11,0,0.7857142857142857,0,9,0,0.6428571428571429,0,11,0,0.7857142857142857,0,5,0,0.38461538461538464,0,4,0,0.2857142857142857,0,9,0,0.6428571428571429,0,10,0,0.625,0,8,0,0.5,0,7,0,0.4375,0,14,0,0.875,0,8,0,0.5,0,10,0,0.625,0,0,0,0,0,0,0,0,0,0,0,0,0,0,0,0,0
19,Dave Dameshek,NFL,2,185,69.811,0,4.0,13,0,0.8125,0,5,0,0.3125,0,11,0,0.6875,0,5,0,0.3333333333333333,0,9,0,0.6428571428571429,0,8,0,0.5714285714285714,0,6,0,0.42857142857142855,0,11,0,0.7857142857142857,0,7,0,0.5384615384615384,0,7,0,0.5,0,10,0,0.7142857142857143,0,12,0,0.75,0,9,0,0.5625,0,11,0,0.6875,0,11,0,0.6875,0,6,0,0.375,0,10,0,0.625,0,0,0,0,0,0,0,0,0,0,0,0,0,0,0,0,0
51,Jamey Eisenberg,CBS,3,185,69.549,0,5.0,9,0,0.5625,0,5,0,0.3125,0,12,0,0.75,0,12,0,0.8,0,10,0,0.7142857142857143,0,10,0,0.7142857142857143,0,10,0,0.7142857142857143,0,10,0,0.7142857142857143,0,7,0,0.5384615384615384,0,7,0,0.5,0,11,0,0.7857142857142857,0,9,0,0.5625,0,11,0,0.6875,0,10,0,0.625,0,11,0,0.6875,0,11,0,0.6875,0,8,0,0.5,0,0,0,0,0,0,0,0,0,0,0,0,0,0,0,0,0
31,Accuscore,Accuscore,4,184,69.173,0,8.0,12,0,0.75,0,8,0,0.5,0,11,0,0.6875,0,10,0,0.6666666666666666,0,9,0,0.6428571428571429,0,9,0,0.6428571428571429,0,10,0,0.7142857142857143,0,9,0,0.6428571428571429,0,6,0,0.46153846153846156,0,4,0,0.2857142857142857,0,8,0,0.5714285714285714,0,8,0,0.5,0,12,0,0.75,0,9,0,0.5625,0,12,0,0.75,0,9,0,0.5625,0,9,0,0.5625,0,0,0,0,0,0,0,0,0,0,0,0,0,0,0,0,0
157,FiveThirtyEight,FiveThirtyEight,4,184,69.173,0,8.0,12,0,0.75,0,8,0,0.5,0,11,0,0.6875,0,10,0,0.6666666666666666,0,12,0,0.8571428571428571,0,12,0,0.8571428571428571,0,9,0,0.6428571428571429,0,11,0,0.7857142857142857,0,8,0,0.6153846153846154,0,4,0,0.2857142857142857,0,10,0,0.7142857142857143,0,11,0,0.6875,0,10,0,0.625,0,9,0,0.5625,0,12,0,0.75,0,10,0,0.625,0,8,0,0.5,0,0,0,0,0,0,0,0,0,0,0,0,0,0,0,0,0
70,K.C. Joyner,ESPN,4,184,69.173,0,8.0,10,0,0.625,0,8,0,0.5,0,12,0,0.75,0,9,0,0.6,0,11,0,0.7857142857142857,0,7,0,0.5,0,10,0,0.7142857142857143,0,8,0,0.5714285714285714,0,9,0,0.6923076923076923,0,6,0,0.42857142857142855,0,8,0,0.5714285714285714,0,8,0,0.5,0,9,0,0.5625,0,11,0,0.6875,0,12,0,0.75,0,8,0,0.5,0,11,0,0.6875,0,0,0,0,0,0,0,0,0,0,0,0,0,0,0,0,0
35,Ron Jaworski,Pickwatch,5,183,68.797,0,10.0,12,0,0.75,0,5,0,0.3125,0,13,0,0.8125,0,9,0,0.6,0,9,0,0.6428571428571429,0,10,0,0.7142857142857143,0,10,0,0.7142857142857143,0,11,0,0.7857142857142857,0,8,0,0.6153846153846154,0,5,0,0.35714285714285715,0,8,0,0.5714285714285714,0,10,0,0.625,0,11,0,0.6875,0,8,0,0.5,0,12,0,0.75,0,9,0,0.5625,0,8,0,0.5,0,0,0,0,0,0,0,0,0,0,0,0,0,0,0,0,0
115,Gary Davenport,Bleacher Report,5,183,68.797,0,10.0,10,0,0.625,0,5,0,0.3125,0,13,0,0.8125,0,10,0,0.6666666666666666,0,10,0,0.7142857142857143,0,8,0,0.5714285714285714,0,10,0,0.7142857142857143,0,8,0,0.5714285714285714,0,10,0,0.7692307692307693,0,4,0,0.2857142857142857,0,9,0,0.6428571428571429,0,10,0,0.625,0,10,0,0.625,0,9,0,0.5625,0,14,0,0.875,0,8,0,0.5,0,11,0,0.6875,0,0,0,0,0,0,0,0,0,0,0,0,0,0,0,0,0
111,Vegas Favorite,Vegas,6,182,69.202,0,11.0,10,0,0.625,0,7,0,0.4375,0,11,0,0.6875,0,11,0,0.7333333333333333,0,10,0,0.7142857142857143,0,8,0,0.5714285714285714,0,10,0,0.7142857142857143,0,10,0,0.7142857142857143,0,8,0,0.6153846153846154,0,4,0,0.2857142857142857,0,7,0,0.5,0,9,0,0.5625,0,13,0,0.8125,0,9,0,0.5625,0,12,0,0.75,0,8,0,0.5,0,7,0,0.4375,0,0,0,0,0,0,0,0,0,0,0,0,0,0,0,0,0
90,Yahoo Users,Yahoo,7,182,68.421,0,17.0,12,0,0.75,0,6,0,0.375,0,13,0,0.8125,0,8,0,0.5333333333333333,0,11,0,0.7857142857142857,0,9,0,0.6428571428571429,0,9,0,0.6428571428571429,0,11,0,0.7857142857142857,0,7,0,0.5384615384615384,0,3,0,0.21428571428571427,0,9,0,0.6428571428571429,0,11,0,0.6875,0,11,0,0.6875,0,9,0,0.5625,0,12,0,0.75,0,10,0,0.625,0,9,0,0.5625,0,0,0,0,0,0,0,0,0,0,0,0,0,0,0,0,0
33,Tom Jackson,ESPN,7,182,68.421,0,17.0,12,0,0.75,0,7,0,0.4375,0,14,0,0.875,0,10,0,0.6666666666666666,0,9,0,0.6428571428571429,0,8,0,0.5714285714285714,0,10,0,0.7142857142857143,0,11,0,0.7857142857142857,0,7,0,0.5384615384615384,0,5,0,0.35714285714285715,0,8,0,0.5714285714285714,0,9,0,0.5625,0,10,0,0.625,0,8,0,0.5,0,9,0,0.5625,0,9,0,0.5625,0,8,0,0.5,0,0,0,0,0,0,0,0,0,0,0,0,0,0,0,0,0
82,Dan Hanzus,NFL,7,182,68.421,0,17.0,10,0,0.625,0,6,0,0.375,0,11,0,0.6875,0,10,0,0.6666666666666666,0,10,0,0.7142857142857143,0,8,0,0.5714285714285714,0,8,0,0.5714285714285714,0,9,0,0.6428571428571429,0,5,0,0.38461538461538464,0,3,0,0.21428571428571427,0,9,0,0.6428571428571429,0,9,0,0.5625,0,13,0,0.8125,0,11,0,0.6875,0,11,0,0.6875,0,10,0,0.625,0,10,0,0.625,0,0,0,0,0,0,0,0,0,0,0,0,0,0,0,0,0
24,Matt Miller,Bleacher Report,7,182,68.421,0,17.0,7,0,0.4375,0,8,0,0.5,0,15,0,0.9375,0,11,0,0.7333333333333333,0,11,0,0.7857142857142857,0,9,0,0.6428571428571429,0,8,0,0.5714285714285714,0,8,0,0.5714285714285714,0,8,0,0.6153846153846154,0,5,0,0.35714285714285715,0,7,0,0.5,0,12,0,0.75,0,8,0,0.5,0,9,0,0.5625,0,13,0,0.8125,0,11,0,0.6875,0,8,0,0.5,0,0,0,0,0,0,0,0,0,0,0,0,0,0,0,0,0
112,Expert Consensus,Pickwatch,7,182,68.421,0,17.0,10,0,0.625,0,7,0,0.4375,0,13,0,0.8125,0,10,0,0.6666666666666666,0,9,0,0.6428571428571429,0,9,0,0.6428571428571429,0,10,0,0.7142857142857143,0,11,0,0.7857142857142857,0,8,0,0.6153846153846154,0,4,0,0.2857142857142857,0,8,0,0.5714285714285714,0,11,0,0.6875,0,13,0,0.8125,0,8,0,0.5,0,12,0,0.75,0,11,0,0.6875,0,9,0,0.5625,0,0,0,0,0,0,0,0,0,0,0,0,0,0,0,0,0
121,Lorenzo Reyes,USA Today,7,182,68.421,0,17.0,8,0,0.5,0,7,0,0.4375,0,14,0,0.875,0,9,0,0.6,0,10,0,0.7142857142857143,0,10,0,0.7142857142857143,0,11,0,0.7857142857142857,0,11,0,0.7857142857142857,0,8,0,0.6153846153846154,0,3,0,0.21428571428571427,0,6,0,0.42857142857142855,0,8,0,0.5,0,12,0,0.75,0,11,0,0.6875,0,13,0,0.8125,0,11,0,0.6875,0,8,0,0.5,0,0,0,0,0,0,0,0,0,0,0,0,0,0,0,0,0
32,Nate Davis,USA Today,8,181,68.045,0,18.0,9,0,0.5625,0,6,0,0.375,0,13,0,0.8125,0,12,0,0.8,0,9,0,0.6428571428571429,0,9,0,0.6428571428571429,0,9,0,0.6428571428571429,0,11,0,0.7857142857142857,0,8,0,0.6153846153846154,0,5,0,0.35714285714285715,0,7,0,0.5,0,10,0,0.625,0,10,0,0.625,0,11,0,0.6875,0,11,0,0.6875,0,10,0,0.625,0,8,0,0.5,0,0,0,0,0,0,0,0,0,0,0,0,0,0,0,0,0
63,NFL.com Fan Picks,NFL,9,180,67.669,0,26.0,11,0,0.6875,0,7,0,0.4375,0,13,0,0.8125,0,9,0,0.6,0,11,0,0.7857142857142857,0,8,0,0.5714285714285714,0,10,0,0.7142857142857143,0,10,0,0.7142857142857143,0,8,0,0.6153846153846154,0,6,0,0.42857142857142855,0,8,0,0.5714285714285714,0,11,0,0.6875,0,9,0,0.5625,0,8,0,0.5,0,12,0,0.75,0,11,0,0.6875,0,8,0,0.5,0,0,0,0,0,0,0,0,0,0,0,0,0,0,0,0,0
29,Gordon McGuinness,ProFootballFocus,9,180,67.669,0,26.0,11,0,0.6875,0,10,0,0.625,0,13,0,0.8125,0,11,0,0.7333333333333333,0,9,0,0.6428571428571429,0,13,0,0.9285714285714286,0,10,0,0.7142857142857143,0,10,0,0.7142857142857143,0,7,0,0.5384615384615384,0,3,0,0.21428571428571427,0,12,0,0.8571428571428571,0,9,0,0.5625,0,8,0,0.5,0,10,0,0.625,0,12,0,0.75,0,9,0,0.5625,0,9,0,0.5625,0,0,0,0,0,0,0,0,0,0,0,0,0,0,0,0,0
154,Microsoft Cortana,Microsoft,9,180,67.669,0,26.0,13,0,0.8125,0,6,0,0.375,0,11,0,0.6875,0,8,0,0.5333333333333333,0,10,0,0.7142857142857143,0,9,0,0.6428571428571429,0,10,0,0.7142857142857143,0,13,0,0.9285714285714286,0,9,0,0.6923076923076923,0,4,0,0.2857142857142857,0,9,0,0.6428571428571429,0,10,0,0.625,0,11,0,0.6875,0,9,0,0.5625,0,11,0,0.6875,0,10,0,0.625,0,9,0,0.5625,0,0,0,0,0,0,0,0,0,0,0,0,0,0,0,0,0
160,Numberfire,NumberFire,9,180,67.669,0,26.0,12,0,0.75,0,8,0,0.5,0,11,0,0.6875,0,10,0,0.6666666666666666,0,11,0,0.7857142857142857,0,10,0,0.7142857142857143,0,10,0,0.7142857142857143,0,9,0,0.6428571428571429,0,8,0,0.6153846153846154,0,4,0,0.2857142857142857,0,8,0,0.5714285714285714,0,10,0,0.625,0,12,0,0.75,0,9,0,0.5625,0,13,0,0.8125,0,10,0,0.625,0,9,0,0.5625,0,0,0,0,0,0,0,0,0,0,0,0,0,0,0,0,0
106,Pete Prisco,CBS,9,180,67.669,0,26.0,8,0,0.5,0,9,0,0.5625,0,12,0,0.75,0,10,0,0.6666666666666666,0,9,0,0.6428571428571429,0,8,0,0.5714285714285714,0,9,0,0.6428571428571429,0,12,0,0.8571428571428571,0,8,0,0.6153846153846154,0,4,0,0.2857142857142857,0,8,0,0.5714285714285714,0,9,0,0.5625,0,9,0,0.5625,0,10,0,0.625,0,11,0,0.6875,0,10,0,0.625,0,8,0,0.5,0,0,0,0,0,0,0,0,0,0,0,0,0,0,0,0,0
161,Teamrankings,TeamRankings,9,180,67.669,0,26.0,10,0,0.625,0,8,0,0.5,0,13,0,0.8125,0,10,0,0.6666666666666666,0,11,0,0.7857142857142857,0,10,0,0.7142857142857143,0,9,0,0.6428571428571429,0,11,0,0.7857142857142857,0,8,0,0.6153846153846154,0,4,0,0.2857142857142857,0,8,0,0.5714285714285714,0,8,0,0.5,0,13,0,0.8125,0,11,0,0.6875,0,12,0,0.75,0,9,0,0.5625,0,8,0,0.5,0,0,0,0,0,0,0,0,0,0,0,0,0,0,0,0,0
45,Brad Gagnon,Bleacher Report,9,180,67.669,0,26.0,11,0,0.6875,0,5,0,0.3125,0,13,0,0.8125,0,10,0,0.6666666666666666,0,10,0,0.7142857142857143,0,8,0,0.5714285714285714,0,10,0,0.7142857142857143,0,10,0,0.7142857142857143,0,6,0,0.46153846153846156,0,6,0,0.42857142857142855,0,11,0,0.7857142857142857,0,7,0,0.4375,0,10,0,0.625,0,10,0,0.625,0,11,0,0.6875,0,10,0,0.625,0,9,0,0.5625,0,0,0,0,0,0,0,0,0,0,0,0,0,0,0,0,0
59,Elliot Harrison,NFL,9,180,67.669,0,26.0,11,0,0.6875,0,5,0,0.3125,0,12,0,0.75,0,10,0,0.6666666666666666,0,7,0,0.5,0,10,0,0.7142857142857143,0,9,0,0.6428571428571429,0,9,0,0.6428571428571429,0,7,0,0.5384615384615384,0,4,0,0.2857142857142857,0,9,0,0.6428571428571429,0,9,0,0.5625,0,13,0,0.8125,0,9,0,0.5625,0,10,0,0.625,0,9,0,0.5625,0,8,0,0.5,0,0,0,0,0,0,0,0,0,0,0,0,0,0,0,0,0
165,Mark Malone,Westwood One,10,179,67.803,0,27.0,9,0,0.5625,0,7,0,0.4375,0,11,0,0.6875,0,11,0,0.7333333333333333,0,9,0,0.6428571428571429,0,10,0,0.7142857142857143,0,11,0,0.7857142857142857,0,9,0,0.6428571428571429,0,5,0,0.38461538461538464,0,7,0,0.5,0,8,0,0.5714285714285714,0,10,0,0.625,0,12,0,0.75,0,8,0,0.5,0,12,0,0.75,0,10,0,0.625,0,9,0,0.5625,0,0,0,0,0,0,0,0,0,0,0,0,0,0,0,0,0
47,Marc Sessler,NFL,11,179,67.293,0,31.0,9,0,0.5625,0,7,0,0.4375,0,8,0,0.5,0,10,0,0.6666666666666666,0,5,0,0.35714285714285715,0,7,0,0.5,0,11,0,0.7857142857142857,0,9,0,0.6428571428571429,0,6,0,0.46153846153846156,0,6,0,0.42857142857142855,0,8,0,0.5714285714285714,0,10,0,0.625,0,11,0,0.6875,0,11,0,0.6875,0,9,0,0.5625,0,9,0,0.5625,0,7,0,0.4375,0,0,0,0,0,0,0,0,0,0,0,0,0,0,0,0,0
92,Don Banks,Patriots.com,11,179,67.293,0,31.0,11,0,0.6875,0,7,0,0.4375,0,11,0,0.6875,0,10,0,0.6666666666666666,0,9,0,0.6428571428571429,0,11,0,0.7857142857142857,0,10,0,0.7142857142857143,0,11,0,0.7857142857142857,0,8,0,0.6153846153846154,0,4,0,0.2857142857142857,0,9,0,0.6428571428571429,0,11,0,0.6875,0,10,0,0.625,0,11,0,0.6875,0,11,0,0.6875,0,8,0,0.5,0,8,0,0.5,0,0,0,0,0,0,0,0,0,0,0,0,0,0,0,0,0
21,Ben Stockwell,ProFootballFocus,11,179,67.293,0,31.0,8,0,0.5,0,3,0,0.1875,0,13,0,0.8125,0,9,0,0.6,0,8,0,0.5714285714285714,0,11,0,0.7857142857142857,0,11,0,0.7857142857142857,0,9,0,0.6428571428571429,0,7,0,0.5384615384615384,0,5,0,0.35714285714285715,0,7,0,0.5,0,6,0,0.375,0,9,0,0.5625,0,10,0,0.625,0,8,0,0.5,0,11,0,0.6875,0,7,0,0.4375,0,0,0,0,0,0,0,0,0,0,0,0,0,0,0,0,0
49,Seth Wickersham,ESPN,11,179,67.293,0,31.0,10,0,0.625,0,7,0,0.4375,0,13,0,0.8125,0,11,0,0.7333333333333333,0,6,0,0.42857142857142855,0,8,0,0.5714285714285714,0,9,0,0.6428571428571429,0,11,0,0.7857142857142857,0,8,0,0.6153846153846154,0,4,0,0.2857142857142857,0,10,0,0.7142857142857143,0,7,0,0.4375,0,6,0,0.375,0,11,0,0.6875,0,9,0,0.5625,0,10,0,0.625,0,9,0,0.5625,0,0,0,0,0,0,0,0,0,0,0,0,0,0,0,0,0
16,Whatifsports,FOX,12,178,67.939,0,32.0,11,0,0.6875,0,6,0,0.375,0,13,0,0.8125,0,9,0,0.6,0,10,0,0.7142857142857143,0,7,0,0.5,0,9,0,0.6428571428571429,0,10,0,0.7142857142857143,0,9,0,0.6923076923076923,0,6,0,0.42857142857142855,0,8,0,0.5714285714285714,0,10,0,0.625,0,10,0,0.625,0,7,0,0.4375,0,10,0,0.625,0,11,0,0.6875,0,10,0,0.625,0,0,0,0,0,0,0,0,0,0,0,0,0,0,0,0,0
27068,Jimmy Traina,MMQB,13,178,66.917,0,33.0,7,0,0.4375,0,6,0,0.375,0,13,0,0.8125,0,10,0,0.6666666666666666,0,11,0,0.7857142857142857,0,7,0,0.5,0,10,0,0.7142857142857143,0,10,0,0.7142857142857143,0,7,0,0.5384615384615384,0,4,0,0.2857142857142857,0,8,0,0.5714285714285714,0,9,0,0.5625,0,10,0,0.625,0,10,0,0.625,0,14,0,0.875,0,9,0,0.5625,0,10,0,0.625,0,0,0,0,0,0,0,0,0,0,0,0,0,0,0,0,0
18,Prediction Machine,Prediction Machine,14,177,66.541,0,35.0,12,0,0.75,0,8,0,0.5,0,12,0,0.75,0,11,0,0.7333333333333333,0,11,0,0.7857142857142857,0,8,0,0.5714285714285714,0,11,0,0.7857142857142857,0,10,0,0.7142857142857143,0,7,0,0.5384615384615384,0,4,0,0.2857142857142857,0,9,0,0.6428571428571429,0,9,0,0.5625,0,13,0,0.8125,0,9,0,0.5625,0,12,0,0.75,0,9,0,0.5625,0,7,0,0.4375,0,0,0,0,0,0,0,0,0,0,0,0,0,0,0,0,0
65,Mike Florio,PFT,14,177,66.541,0,35.0,11,0,0.6875,0,8,0,0.5,0,12,0,0.75,0,10,0,0.6666666666666666,0,10,0,0.7142857142857143,0,8,0,0.5714285714285714,0,9,0,0.6428571428571429,0,11,0,0.7857142857142857,0,7,0,0.5384615384615384,0,6,0,0.42857142857142855,0,8,0,0.5714285714285714,0,9,0,0.5625,0,9,0,0.5625,0,11,0,0.6875,0,13,0,0.8125,0,8,0,0.5,0,7,0,0.4375,0,0,0,0,0,0,0,0,0,0,0,0,0,0,0,0,0
95,Steve Mariucci,NFL,15,176,67.176,0,36.0,9,0,0.5625,0,7,0,0.4375,0,12,0,0.75,0,10,0,0.6666666666666666,0,8,0,0.5714285714285714,0,9,0,0.6428571428571429,0,7,0,0.5,0,9,0,0.6428571428571429,0,6,0,0.46153846153846156,0,3,0,0.21428571428571427,0,9,0,0.6428571428571429,0,12,0,0.75,0,11,0,0.6875,0,9,0,0.5625,0,12,0,0.75,0,10,0,0.625,0,8,0,0.5,0,0,0,0,0,0,0,0,0,0,0,0,0,0,0,0,0
48,Michael Irvin,NFL,16,176,66.415,0,37.0,10,0,0.625,0,9,0,0.5625,0,11,0,0.6875,0,10,0,0.6666666666666666,0,11,0,0.7857142857142857,0,9,0,0.6428571428571429,0,10,0,0.7142857142857143,0,11,0,0.7857142857142857,0,8,0,0.6153846153846154,0,6,0,0.42857142857142855,0,10,0,0.7142857142857143,0,9,0,0.5625,0,11,0,0.6875,0,7,0,0.4375,0,10,0,0.625,0,9,0,0.5625,0,7,0,0.4375,0,0,0,0,0,0,0,0,0,0,0,0,0,0,0,0,0
75,Vinnie Iyer,Sporting News,17,176,66.165,0,40.0,11,0,0.6875,0,7,0,0.4375,0,13,0,0.8125,0,10,0,0.6666666666666666,0,10,0,0.7142857142857143,0,10,0,0.7142857142857143,0,9,0,0.6428571428571429,0,10,0,0.7142857142857143,0,7,0,0.5384615384615384,0,4,0,0.2857142857142857,0,11,0,0.7857142857142857,0,8,0,0.5,0,12,0,0.75,0,9,0,0.5625,0,12,0,0.75,0,11,0,0.6875,0,8,0,0.5,0,0,0,0,0,0,0,0,0,0,0,0,0,0,0,0,0
27,Steve Palazzolo,ProFootballFocus,17,176,66.165,0,40.0,8,0,0.5,0,9,0,0.5625,0,13,0,0.8125,0,10,0,0.6666666666666666,0,7,0,0.5,0,9,0,0.6428571428571429,0,9,0,0.6428571428571429,0,9,0,0.6428571428571429,0,8,0,0.6153846153846154,0,4,0,0.2857142857142857,0,9,0,0.6428571428571429,0,7,0,0.4375,0,9,0,0.5625,0,10,0,0.625,0,11,0,0.6875,0,9,0,0.5625,0,10,0,0.625,0,0,0,0,0,0,0,0,0,0,0,0,0,0,0,0,0
56,Kevin Patra,NFL,17,176,66.165,0,40.0,11,0,0.6875,0,8,0,0.5,0,14,0,0.875,0,9,0,0.6,0,10,0,0.7142857142857143,0,10,0,0.7142857142857143,0,8,0,0.5714285714285714,0,10,0,0.7142857142857143,0,7,0,0.5384615384615384,0,5,0,0.35714285714285715,0,8,0,0.5714285714285714,0,9,0,0.5625,0,9,0,0.5625,0,9,0,0.5625,0,12,0,0.75,0,9,0,0.5625,0,11,0,0.6875,0,0,0,0,0,0,0,0,0,0,0,0,0,0,0,0,0
167,Bruce Murray,Sirius,18,175,68.627,0,41.0,12,0,0.75,0,6,0,0.375,0,10,0,0.625,0,10,0,0.6666666666666666,0,10,0,0.7142857142857143,0,10,0,0.7142857142857143,0,11,0,0.7857142857142857,0,11,0,0.7857142857142857,0,7,0,0.5384615384615384,0,5,0,0.35714285714285715,0,7,0,0.5,0,0,0,0.0,0,12,0,0.75,0,10,0,0.625,0,0,0,0.0,0,0,0,0.0,0,0,0,0.0,0,0,0,0,0,0,0,0,0,0,0,0,0,0,0,0,0
34,Josh Katzowitz,Pickwatch,19,175,65.789,0,42.0,11,0,0.6875,0,9,0,0.5625,0,14,0,0.875,0,9,0,0.6,0,10,0,0.7142857142857143,0,10,0,0.7142857142857143,0,11,0,0.7857142857142857,0,11,0,0.7857142857142857,0,8,0,0.6153846153846154,0,7,0,0.5,0,9,0,0.6428571428571429,0,9,0,0.5625,0,11,0,0.6875,0,11,0,0.6875,0,12,0,0.75,0,10,0,0.625,0,9,0,0.5625,0,0,0,0,0,0,0,0,0,0,0,0,0,0,0,0,0
73,Michael Schottey,FanDuel,20,174,65.414,0,46.0,10,0,0.625,0,6,0,0.375,0,14,0,0.875,0,10,0,0.6666666666666666,0,9,0,0.6428571428571429,0,11,0,0.7857142857142857,0,11,0,0.7857142857142857,0,10,0,0.7142857142857143,0,7,0,0.5384615384615384,0,5,0,0.35714285714285715,0,6,0,0.42857142857142855,0,10,0,0.625,0,10,0,0.625,0,9,0,0.5625,0,13,0,0.8125,0,9,0,0.5625,0,8,0,0.5,0,0,0,0,0,0,0,0,0,0,0,0,0,0,0,0,0
97,Tom Pelissero,USA Today,20,174,65.414,0,46.0,8,0,0.5,0,6,0,0.375,0,10,0,0.625,0,10,0,0.6666666666666666,0,9,0,0.6428571428571429,0,10,0,0.7142857142857143,0,9,0,0.6428571428571429,0,7,0,0.5,0,8,0,0.6153846153846154,0,5,0,0.35714285714285715,0,9,0,0.6428571428571429,0,9,0,0.5625,0,10,0,0.625,0,13,0,0.8125,0,11,0,0.6875,0,9,0,0.5625,0,7,0,0.4375,0,0,0,0,0,0,0,0,0,0,0,0,0,0,0,0,0
67,Michael David Smith,PFT,20,174,65.414,0,46.0,10,0,0.625,0,7,0,0.4375,0,13,0,0.8125,0,10,0,0.6666666666666666,0,10,0,0.7142857142857143,0,8,0,0.5714285714285714,0,10,0,0.7142857142857143,0,11,0,0.7857142857142857,0,7,0,0.5384615384615384,0,5,0,0.35714285714285715,0,9,0,0.6428571428571429,0,9,0,0.5625,0,12,0,0.75,0,10,0,0.625,0,12,0,0.75,0,8,0,0.5,0,8,0,0.5,0,0,0,0,0,0,0,0,0,0,0,0,0,0,0,0,0
131,Joel Thorman,SB Nation,20,174,65.414,0,46.0,10,0,0.625,0,6,0,0.375,0,13,0,0.8125,0,5,0,0.3333333333333333,0,8,0,0.5714285714285714,0,8,0,0.5714285714285714,0,8,0,0.5714285714285714,0,9,0,0.6428571428571429,0,7,0,0.5384615384615384,0,5,0,0.35714285714285715,0,11,0,0.7857142857142857,0,10,0,0.625,0,8,0,0.5,0,12,0,0.75,0,13,0,0.8125,0,8,0,0.5,0,10,0,0.625,0,0,0,0,0,0,0,0,0,0,0,0,0,0,0,0,0
164,James Lofton,Westwood One,21,173,65.53,0,47.0,9,0,0.5625,0,6,0,0.375,0,14,0,0.875,0,9,0,0.6,0,10,0,0.7142857142857143,0,9,0,0.6428571428571429,0,8,0,0.5714285714285714,0,9,0,0.6428571428571429,0,6,0,0.46153846153846156,0,5,0,0.35714285714285715,0,9,0,0.6428571428571429,0,9,0,0.5625,0,12,0,0.75,0,10,0,0.625,0,13,0,0.8125,0,10,0,0.625,0,8,0,0.5,0,0,0,0,0,0,0,0,0,0,0,0,0,0,0,0,0
64,Eric Allen,ESPN,22,173,65.283,0,48.0,9,0,0.5625,0,4,0,0.25,0,13,0,0.8125,0,9,0,0.6,0,8,0,0.5714285714285714,0,9,0,0.6428571428571429,0,10,0,0.7142857142857143,0,8,0,0.5714285714285714,0,7,0,0.5384615384615384,0,4,0,0.2857142857142857,0,4,0,0.2857142857142857,0,9,0,0.5625,0,12,0,0.75,0,10,0,0.625,0,11,0,0.6875,0,9,0,0.5625,0,8,0,0.5,0,0,0,0,0,0,0,0,0,0,0,0,0,0,0,0,0
87,Chris Wesseling,NFL,23,173,65.038,0,51.0,11,0,0.6875,0,6,0,0.375,0,11,0,0.6875,0,11,0,0.7333333333333333,0,8,0,0.5714285714285714,0,10,0,0.7142857142857143,0,11,0,0.7857142857142857,0,8,0,0.5714285714285714,0,7,0,0.5384615384615384,0,7,0,0.5,0,9,0,0.6428571428571429,0,9,0,0.5625,0,10,0,0.625,0,11,0,0.6875,0,13,0,0.8125,0,9,0,0.5625,0,7,0,0.4375,0,0,0,0,0,0,0,0,0,0,0,0,0,0,0,0,0
147,Alex Marvez,FOX,23,173,65.038,0,51.0,8,0,0.5,0,6,0,0.375,0,13,0,0.8125,0,11,0,0.7333333333333333,0,10,0,0.7142857142857143,0,10,0,0.7142857142857143,0,10,0,0.7142857142857143,0,8,0,0.5714285714285714,0,8,0,0.6153846153846154,0,6,0,0.42857142857142855,0,7,0,0.5,0,13,0,0.8125,0,9,0,0.5625,0,10,0,0.625,0,10,0,0.625,0,10,0,0.625,0,8,0,0.5,0,0,0,0,0,0,0,0,0,0,0,0,0,0,0,0,0
107,Jarrett Bell,USA Today,23,173,65.038,0,51.0,13,0,0.8125,0,6,0,0.375,0,13,0,0.8125,0,12,0,0.8,0,8,0,0.5714285714285714,0,9,0,0.6428571428571429,0,10,0,0.7142857142857143,0,10,0,0.7142857142857143,0,6,0,0.46153846153846156,0,6,0,0.42857142857142855,0,7,0,0.5,0,11,0,0.6875,0,10,0,0.625,0,8,0,0.5,0,12,0,0.75,0,8,0,0.5,0,11,0,0.6875,0,0,0,0,0,0,0,0,0,0,0,0,0,0,0,0,0
66,Sam Monson,ProFootballFocus,24,172,64.662,0,55.0,12,0,0.75,0,9,0,0.5625,0,12,0,0.75,0,10,0,0.6666666666666666,0,10,0,0.7142857142857143,0,7,0,0.5,0,12,0,0.8571428571428571,0,9,0,0.6428571428571429,0,7,0,0.5384615384615384,0,2,0,0.14285714285714285,0,9,0,0.6428571428571429,0,7,0,0.4375,0,9,0,0.5625,0,10,0,0.625,0,9,0,0.5625,0,10,0,0.625,0,8,0,0.5,0,0,0,0,0,0,0,0,0,0,0,0,0,0,0,0,0
76,Nathan Jahnke,ProFootballFocus,24,172,64.662,0,55.0,8,0,0.5,0,6,0,0.375,0,11,0,0.6875,0,9,0,0.6,0,8,0,0.5714285714285714,0,9,0,0.6428571428571429,0,11,0,0.7857142857142857,0,7,0,0.5,0,9,0,0.6923076923076923,0,3,0,0.21428571428571427,0,10,0,0.7142857142857143,0,11,0,0.6875,0,11,0,0.6875,0,7,0,0.4375,0,11,0,0.6875,0,10,0,0.625,0,6,0,0.375,0,0,0,0,0,0,0,0,0,0,0,0,0,0,0,0,0
83,Mark Schlereth,ESPN,24,172,64.662,0,55.0,12,0,0.75,0,6,0,0.375,0,9,0,0.5625,0,10,0,0.6666666666666666,0,9,0,0.6428571428571429,0,8,0,0.5714285714285714,0,10,0,0.7142857142857143,0,11,0,0.7857142857142857,0,6,0,0.46153846153846156,0,6,0,0.42857142857142855,0,9,0,0.6428571428571429,0,9,0,0.5625,0,9,0,0.5625,0,10,0,0.625,0,11,0,0.6875,0,10,0,0.625,0,11,0,0.6875,0,0,0,0,0,0,0,0,0,0,0,0,0,0,0,0,0
98,Dave Richard,CBS,24,172,64.662,0,55.0,13,0,0.8125,0,7,0,0.4375,0,11,0,0.6875,0,11,0,0.7333333333333333,0,8,0,0.5714285714285714,0,11,0,0.7857142857142857,0,10,0,0.7142857142857143,0,10,0,0.7142857142857143,0,7,0,0.5384615384615384,0,7,0,0.5,0,11,0,0.7857142857142857,0,10,0,0.625,0,11,0,0.6875,0,9,0,0.5625,0,13,0,0.8125,0,10,0,0.625,0,9,0,0.5625,0,0,0,0,0,0,0,0,0,0,0,0,0,0,0,0,0
137,Boomer Esiason,CBS,25,171,64.773,0,56.0,10,0,0.625,0,6,0,0.375,0,11,0,0.6875,0,9,0,0.6,0,12,0,0.8571428571428571,0,11,0,0.7857142857142857,0,9,0,0.6428571428571429,0,11,0,0.7857142857142857,0,5,0,0.38461538461538464,0,7,0,0.5,0,7,0,0.5,0,8,0,0.5,0,10,0,0.625,0,9,0,0.5625,0,13,0,0.8125,0,9,0,0.5625,0,7,0,0.4375,0,0,0,0,0,0,0,0,0,0,0,0,0,0,0,0,0
105,Mike Freeman,Bleacher Report,26,171,64.286,0,60.0,12,0,0.75,0,7,0,0.4375,0,11,0,0.6875,0,13,0,0.8666666666666667,0,10,0,0.7142857142857143,0,8,0,0.5714285714285714,0,10,0,0.7142857142857143,0,9,0,0.6428571428571429,0,7,0,0.5384615384615384,0,5,0,0.35714285714285715,0,9,0,0.6428571428571429,0,9,0,0.5625,0,10,0,0.625,0,10,0,0.625,0,8,0,0.5,0,8,0,0.5,0,8,0,0.5,0,0,0,0,0,0,0,0,0,0,0,0,0,0,0,0,0
78,John Breech,CBS,26,171,64.286,0,60.0,11,0,0.6875,0,3,0,0.1875,0,12,0,0.75,0,9,0,0.6,0,10,0,0.7142857142857143,0,8,0,0.5714285714285714,0,10,0,0.7142857142857143,0,10,0,0.7142857142857143,0,7,0,0.5384615384615384,0,7,0,0.5,0,7,0,0.5,0,7,0,0.4375,0,11,0,0.6875,0,8,0,0.5,0,12,0,0.75,0,11,0,0.6875,0,9,0,0.5625,0,0,0,0,0,0,0,0,0,0,0,0,0,0,0,0,0
149,Peter Schrager,FOX,26,171,64.286,0,60.0,9,0,0.5625,0,4,0,0.25,0,11,0,0.6875,0,7,0,0.4666666666666667,0,10,0,0.7142857142857143,0,7,0,0.5,0,7,0,0.5,0,11,0,0.7857142857142857,0,4,0,0.3076923076923077,0,6,0,0.42857142857142855,0,6,0,0.42857142857142855,0,7,0,0.4375,0,6,0,0.375,0,5,0,0.3125,0,10,0,0.625,0,9,0,0.5625,0,8,0,0.5,0,0,0,0,0,0,0,0,0,0,0,0,0,0,0,0,0
116,Brent Sobleski,Bleacher Report,26,171,64.286,0,60.0,10,0,0.625,0,6,0,0.375,0,13,0,0.8125,0,11,0,0.7333333333333333,0,9,0,0.6428571428571429,0,7,0,0.5,0,10,0,0.7142857142857143,0,10,0,0.7142857142857143,0,5,0,0.38461538461538464,0,5,0,0.35714285714285715,0,8,0,0.5714285714285714,0,10,0,0.625,0,9,0,0.5625,0,9,0,0.5625,0,12,0,0.75,0,10,0,0.625,0,10,0,0.625,0,0,0,0,0,0,0,0,0,0,0,0,0,0,0,0,0
52,Marshall Faulk,NFL,27,170,64.394,0,61.0,12,0,0.75,0,8,0,0.5,0,13,0,0.8125,0,8,0,0.5333333333333333,0,9,0,0.6428571428571429,0,9,0,0.6428571428571429,0,10,0,0.7142857142857143,0,10,0,0.7142857142857143,0,8,0,0.6153846153846154,0,3,0,0.21428571428571427,0,10,0,0.7142857142857143,0,11,0,0.6875,0,12,0,0.75,0,8,0,0.5,0,13,0,0.8125,0,9,0,0.5625,0,6,0,0.375,0,0,0,0,0,0,0,0,0,0,0,0,0,0,0,0,0
38,Keyshawn Johnson,ESPN,28,170,63.91,0,62.0,9,0,0.5625,0,9,0,0.5625,0,15,0,0.9375,0,9,0,0.6,0,9,0,0.6428571428571429,0,8,0,0.5714285714285714,0,9,0,0.6428571428571429,0,10,0,0.7142857142857143,0,7,0,0.5384615384615384,0,3,0,0.21428571428571427,0,6,0,0.42857142857142855,0,10,0,0.625,0,12,0,0.75,0,10,0,0.625,0,11,0,0.6875,0,9,0,0.5625,0,13,0,0.8125,0,0,0,0,0,0,0,0,0,0,0,0,0,0,0,0,0
44,Lindsay H. Jones,USA Today,29,169,63.774,0,63.0,11,0,0.6875,0,6,0,0.375,0,13,0,0.8125,0,10,0,0.6666666666666666,0,10,0,0.7142857142857143,0,9,0,0.6428571428571429,0,10,0,0.7142857142857143,0,10,0,0.7142857142857143,0,8,0,0.6153846153846154,0,6,0,0.42857142857142855,0,9,0,0.6428571428571429,0,9,0,0.5625,0,12,0,0.75,0,10,0,0.625,0,14,0,0.875,0,8,0,0.5,0,9,0,0.5625,0,0,0,0,0,0,0,0,0,0,0,0,0,0,0,0,0
42,Khaled Elsayed,ProFootballFocus,30,169,63.534,0,69.0,9,0,0.5625,0,9,0,0.5625,0,13,0,0.8125,0,12,0,0.8,0,8,0,0.5714285714285714,0,9,0,0.6428571428571429,0,9,0,0.6428571428571429,0,10,0,0.7142857142857143,0,8,0,0.6153846153846154,0,3,0,0.21428571428571427,0,10,0,0.7142857142857143,0,8,0,0.5,0,9,0,0.5625,0,11,0,0.6875,0,11,0,0.6875,0,9,0,0.5625,0,8,0,0.5,0,0,0,0,0,0,0,0,0,0,0,0,0,0,0,0,0
37,Kurt Warner,NFL,30,169,63.534,0,69.0,11,0,0.6875,0,4,0,0.25,0,13,0,0.8125,0,10,0,0.6666666666666666,0,11,0,0.7857142857142857,0,8,0,0.5714285714285714,0,11,0,0.7857142857142857,0,10,0,0.7142857142857143,0,6,0,0.46153846153846156,0,6,0,0.42857142857142855,0,7,0,0.5,0,10,0,0.625,0,11,0,0.6875,0,7,0,0.4375,0,13,0,0.8125,0,10,0,0.625,0,9,0,0.5625,0,0,0,0,0,0,0,0,0,0,0,0,0,0,0,0,0
22,Jason La Canfora,CBS,30,169,63.534,0,69.0,11,0,0.6875,0,5,0,0.3125,0,14,0,0.875,0,10,0,0.6666666666666666,0,8,0,0.5714285714285714,0,11,0,0.7857142857142857,0,7,0,0.5,0,7,0,0.5,0,5,0,0.38461538461538464,0,7,0,0.5,0,11,0,0.7857142857142857,0,12,0,0.75,0,9,0,0.5625,0,11,0,0.6875,0,10,0,0.625,0,9,0,0.5625,0,8,0,0.5,0,0,0,0,0,0,0,0,0,0,0,0,0,0,0,0,0
43,Rick Drummond,ProFootballFocus,30,169,63.534,0,69.0,7,0,0.4375,0,5,0,0.3125,0,14,0,0.875,0,10,0,0.6666666666666666,0,10,0,0.7142857142857143,0,8,0,0.5714285714285714,0,10,0,0.7142857142857143,0,10,0,0.7142857142857143,0,5,0,0.38461538461538464,0,5,0,0.35714285714285715,0,9,0,0.6428571428571429,0,9,0,0.5625,0,10,0,0.625,0,9,0,0.5625,0,11,0,0.6875,0,10,0,0.625,0,10,0,0.625,0,0,0,0,0,0,0,0,0,0,0,0,0,0,0,0,0
54,Henry Hodgson,NFL,30,169,63.534,0,69.0,8,0,0.5,0,6,0,0.375,0,12,0,0.75,0,8,0,0.5333333333333333,0,8,0,0.5714285714285714,0,7,0,0.5,0,10,0,0.7142857142857143,0,11,0,0.7857142857142857,0,7,0,0.5384615384615384,0,4,0,0.2857142857142857,0,7,0,0.5,0,8,0,0.5,0,9,0,0.5625,0,9,0,0.5625,0,9,0,0.5625,0,0,0,0.0,0,9,0,0.5625,0,0,0,0,0,0,0,0,0,0,0,0,0,0,0,0,0
79,Pickwatch Shaun,Pickwatch,30,169,63.534,0,69.0,7,0,0.4375,0,5,0,0.3125,0,13,0,0.8125,0,10,0,0.6666666666666666,0,10,0,0.7142857142857143,0,8,0,0.5714285714285714,0,9,0,0.6428571428571429,0,6,0,0.42857142857142855,0,6,0,0.46153846153846156,0,5,0,0.35714285714285715,0,8,0,0.5714285714285714,0,8,0,0.5,0,8,0,0.5,0,9,0,0.5625,0,11,0,0.6875,0,11,0,0.6875,0,8,0,0.5,0,0,0,0,0,0,0,0,0,0,0,0,0,0,0,0,0
140,Adam Schein,CBS,31,168,65.625,0,70.0,8,0,0.5,0,7,0,0.4375,0,13,0,0.8125,0,9,0,0.6,0,7,0,0.5,0,9,0,0.6428571428571429,0,10,0,0.7142857142857143,0,12,0,0.8571428571428571,0,5,0,0.38461538461538464,0,5,0,0.35714285714285715,0,7,0,0.5,0,12,0,0.75,0,10,0,0.625,0,11,0,0.6875,0,13,0,0.8125,0,9,0,0.5625,0,9,0,0.5625,0,0,0,0,0,0,0,0,0,0,0,0,0,0,0,0,0
132,Matt Ufford,SB Nation,32,168,63.158,0,71.0,8,0,0.5,0,8,0,0.5,0,12,0,0.75,0,10,0,0.6666666666666666,0,8,0,0.5714285714285714,0,7,0,0.5,0,8,0,0.5714285714285714,0,11,0,0.7857142857142857,0,8,0,0.6153846153846154,0,5,0,0.35714285714285715,0,9,0,0.6428571428571429,0,6,0,0.375,0,10,0,0.625,0,10,0,0.625,0,11,0,0.6875,0,11,0,0.6875,0,5,0,0.3125,0,0,0,0,0,0,0,0,0,0,0,0,0,0,0,0,0
118,Mike Tanier,Bleacher Report,33,167,63.019,0,72.0,11,0,0.6875,0,6,0,0.375,0,12,0,0.75,0,8,0,0.5333333333333333,0,10,0,0.7142857142857143,0,9,0,0.6428571428571429,0,8,0,0.5714285714285714,0,7,0,0.5,0,8,0,0.6153846153846154,0,4,0,0.2857142857142857,0,8,0,0.5714285714285714,0,9,0,0.5625,0,10,0,0.625,0,7,0,0.4375,0,10,0,0.625,0,7,0,0.4375,0,7,0,0.4375,0,0,0,0,0,0,0,0,0,0,0,0,0,0,0,0,0
94,Merill Hoge,ESPN,34,167,62.782,0,73.0,10,0,0.625,0,6,0,0.375,0,13,0,0.8125,0,8,0,0.5333333333333333,0,11,0,0.7857142857142857,0,10,0,0.7142857142857143,0,11,0,0.7857142857142857,0,10,0,0.7142857142857143,0,6,0,0.46153846153846156,0,8,0,0.5714285714285714,0,6,0,0.42857142857142855,0,10,0,0.625,0,10,0,0.625,0,11,0,0.6875,0,12,0,0.75,0,10,0,0.625,0,6,0,0.375,0,0,0,0,0,0,0,0,0,0,0,0,0,0,0,0,0
138,Bart Scott,CBS,35,166,65.098,0,74.0,9,0,0.5625,0,7,0,0.4375,0,13,0,0.8125,0,11,0,0.7333333333333333,0,8,0,0.5714285714285714,0,7,0,0.5,0,9,0,0.6428571428571429,0,10,0,0.7142857142857143,0,7,0,0.5384615384615384,0,8,0,0.5714285714285714,0,9,0,0.6428571428571429,0,10,0,0.625,0,12,0,0.75,0,7,0,0.4375,0,11,0,0.6875,0,11,0,0.6875,0,7,0,0.4375,0,0,0,0,0,0,0,0,0,0,0,0,0,0,0,0,0
96,Neil Hornsby,ProFootballFocus,36,166,62.406,0,75.0,10,0,0.625,0,10,0,0.625,0,11,0,0.6875,0,11,0,0.7333333333333333,0,9,0,0.6428571428571429,0,10,0,0.7142857142857143,0,10,0,0.7142857142857143,0,10,0,0.7142857142857143,0,8,0,0.6153846153846154,0,5,0,0.35714285714285715,0,9,0,0.6428571428571429,0,10,0,0.625,0,9,0,0.5625,0,12,0,0.75,0,12,0,0.75,0,8,0,0.5,0,8,0,0.5,0,0,0,0,0,0,0,0,0,0,0,0,0,0,0,0,0
152,WalterFootball,WalterFootball,37,165,62.5,0,76.0,10,0,0.625,0,8,0,0.5,0,11,0,0.6875,0,9,0,0.6,0,10,0,0.7142857142857143,0,8,0,0.5714285714285714,0,10,0,0.7142857142857143,0,8,0,0.5714285714285714,0,7,0,0.5384615384615384,0,5,0,0.35714285714285715,0,6,0,0.42857142857142855,0,7,0,0.4375,0,8,0,0.5,0,14,0,0.875,0,14,0,0.875,0,9,0,0.5625,0,8,0,0.5,0,0,0,0,0,0,0,0,0,0,0,0,0,0,0,0,0
148,Mike Garafolo,FOX,38,165,62.264,0,77.0,11,0,0.6875,0,6,0,0.375,0,11,0,0.6875,0,9,0,0.6,0,8,0,0.5714285714285714,0,11,0,0.7857142857142857,0,8,0,0.5714285714285714,0,9,0,0.6428571428571429,0,10,0,0.7692307692307693,0,6,0,0.42857142857142855,0,10,0,0.7142857142857143,0,9,0,0.5625,0,12,0,0.75,0,13,0,0.8125,0,12,0,0.75,0,9,0,0.5625,0,7,0,0.4375,0,0,0,0,0,0,0,0,0,0,0,0,0,0,0,0,0
88,Mike Golic,ESPN,39,165,62.03,0,78.0,12,0,0.75,0,4,0,0.25,0,11,0,0.6875,0,11,0,0.7333333333333333,0,11,0,0.7857142857142857,0,10,0,0.7142857142857143,0,7,0,0.5,0,8,0,0.5714285714285714,0,6,0,0.46153846153846156,0,4,0,0.2857142857142857,0,9,0,0.6428571428571429,0,8,0,0.5,0,10,0,0.625,0,11,0,0.6875,0,12,0,0.75,0,10,0,0.625,0,8,0,0.5,0,0,0,0,0,0,0,0,0,0,0,0,0,0,0,0,0
69,Ryan Fowler,Pickwatch,40,164,64.063,0,79.0,7,0,0.4375,0,6,0,0.375,0,13,0,0.8125,0,11,0,0.7333333333333333,0,10,0,0.7142857142857143,0,9,0,0.6428571428571429,0,9,0,0.6428571428571429,0,10,0,0.7142857142857143,0,9,0,0.6923076923076923,0,6,0,0.42857142857142855,0,11,0,0.7857142857142857,0,9,0,0.5625,0,11,0,0.6875,0,10,0,0.625,0,12,0,0.75,0,8,0,0.5,0,0,0,0.0,0,0,0,0,0,0,0,0,0,0,0,0,0,0,0,0,0
61,John Halpin,Pickwatch,41,164,63.077,0,80.0,13,0,0.8125,0,6,0,0.375,0,11,0,0.6875,0,8,0,0.5333333333333333,0,8,0,0.5714285714285714,0,7,0,0.5,0,10,0,0.7142857142857143,0,11,0,0.7857142857142857,0,6,0,0.46153846153846156,0,5,0,0.35714285714285715,0,10,0,0.7142857142857143,0,9,0,0.5625,0,11,0,0.6875,0,9,0,0.5625,0,9,0,0.5625,0,10,0,0.625,0,7,0,0.4375,0,0,0,0,0,0,0,0,0,0,0,0,0,0,0,0,0
133,David Fucillo,SB Nation,42,164,61.654,0,82.0,11,0,0.6875,0,7,0,0.4375,0,13,0,0.8125,0,10,0,0.6666666666666666,0,10,0,0.7142857142857143,0,8,0,0.5714285714285714,0,10,0,0.7142857142857143,0,9,0,0.6428571428571429,0,7,0,0.5384615384615384,0,2,0,0.14285714285714285,0,7,0,0.5,0,8,0,0.5,0,11,0,0.6875,0,10,0,0.625,0,10,0,0.625,0,10,0,0.625,0,9,0,0.5625,0,0,0,0,0,0,0,0,0,0,0,0,0,0,0,0,0
108,Chris Mortensen,ESPN,42,164,61.654,0,82.0,10,0,0.625,0,7,0,0.4375,0,10,0,0.625,0,14,0,0.9333333333333333,0,7,0,0.5,0,12,0,0.8571428571428571,0,11,0,0.7857142857142857,0,12,0,0.8571428571428571,0,7,0,0.5384615384615384,0,3,0,0.21428571428571427,0,9,0,0.6428571428571429,0,9,0,0.5625,0,11,0,0.6875,0,10,0,0.625,0,14,0,0.875,0,10,0,0.625,0,7,0,0.4375,0,0,0,0,0,0,0,0,0,0,0,0,0,0,0,0,0
72,Ty Schalter,Bleacher Report,43,163,61.278,0,84.0,8,0,0.5,0,7,0,0.4375,0,10,0,0.625,0,9,0,0.6,0,7,0,0.5,0,6,0,0.42857142857142855,0,10,0,0.7142857142857143,0,9,0,0.6428571428571429,0,8,0,0.6153846153846154,0,5,0,0.35714285714285715,0,9,0,0.6428571428571429,0,11,0,0.6875,0,9,0,0.5625,0,10,0,0.625,0,13,0,0.8125,0,10,0,0.625,0,10,0,0.625,0,0,0,0,0,0,0,0,0,0,0,0,0,0,0,0,0
134,Danny Kelly,SB Nation,43,163,61.278,0,84.0,12,0,0.75,0,2,0,0.125,0,13,0,0.8125,0,11,0,0.7333333333333333,0,11,0,0.7857142857142857,0,9,0,0.6428571428571429,0,10,0,0.7142857142857143,0,10,0,0.7142857142857143,0,6,0,0.46153846153846156,0,4,0,0.2857142857142857,0,8,0,0.5714285714285714,0,10,0,0.625,0,11,0,0.6875,0,7,0,0.4375,0,13,0,0.8125,0,9,0,0.5625,0,9,0,0.5625,0,0,0,0,0,0,0,0,0,0,0,0,0,0,0,0,0
136,Bill Cowher,CBS,44,162,63.529,0,85.0,11,0,0.6875,0,6,0,0.375,0,14,0,0.875,0,8,0,0.5333333333333333,0,9,0,0.6428571428571429,0,10,0,0.7142857142857143,0,11,0,0.7857142857142857,0,10,0,0.7142857142857143,0,5,0,0.38461538461538464,0,4,0,0.2857142857142857,0,9,0,0.6428571428571429,0,7,0,0.4375,0,8,0,0.5,0,11,0,0.6875,0,12,0,0.75,0,11,0,0.6875,0,10,0,0.625,0,0,0,0,0,0,0,0,0,0,0,0,0,0,0,0,0
130,Stephen White,SB Nation,45,162,60.902,0,86.0,10,0,0.625,0,6,0,0.375,0,11,0,0.6875,0,11,0,0.7333333333333333,0,12,0,0.8571428571428571,0,10,0,0.7142857142857143,0,7,0,0.5,0,10,0,0.7142857142857143,0,8,0,0.6153846153846154,0,2,0,0.14285714285714285,0,10,0,0.7142857142857143,0,10,0,0.625,0,11,0,0.6875,0,8,0,0.5,0,12,0,0.75,0,10,0,0.625,0,9,0,0.5625,0,0,0,0,0,0,0,0,0,0,0,0,0,0,0,0,0
122,Rich Gannon,Sirius,46,161,67.647,0,87.0,9,0,0.5625,0,8,0,0.5,0,11,0,0.6875,0,8,0,0.5333333333333333,0,9,0,0.6428571428571429,0,9,0,0.6428571428571429,0,10,0,0.7142857142857143,0,11,0,0.7857142857142857,0,7,0,0.5384615384615384,0,4,0,0.2857142857142857,0,11,0,0.7857142857142857,0,0,0,0.0,0,9,0,0.5625,0,10,0,0.625,0,0,0,0.0,0,0,0,0.0,0,0,0,0.0,0,0,0,0,0,0,0,0,0,0,0,0,0,0,0,0,0
17,Adam Meyer,Fantasypros,47,160,62.745,0,88.0,12,0,0.75,0,10,0,0.625,0,13,0,0.8125,0,10,0,0.6666666666666666,0,9,0,0.6428571428571429,0,9,0,0.6428571428571429,0,10,0,0.7142857142857143,0,7,0,0.5,0,5,0,0.38461538461538464,0,6,0,0.42857142857142855,0,10,0,0.7142857142857143,0,9,0,0.5625,0,11,0,0.6875,0,8,0,0.5,0,11,0,0.6875,0,8,0,0.5,0,9,0,0.5625,0,0,0,0,0,0,0,0,0,0,0,0,0,0,0,0,0
129,Ryan Van Bibber,SB Nation,48,160,60.15,0,90.0,8,0,0.5,0,5,0,0.3125,0,12,0,0.75,0,10,0,0.6666666666666666,0,9,0,0.6428571428571429,0,9,0,0.6428571428571429,0,9,0,0.6428571428571429,0,6,0,0.42857142857142855,0,9,0,0.6923076923076923,0,7,0,0.5,0,9,0,0.6428571428571429,0,8,0,0.5,0,10,0,0.625,0,10,0,0.625,0,12,0,0.75,0,8,0,0.5,0,9,0,0.5625,0,0,0,0,0,0,0,0,0,0,0,0,0,0,0,0,0
39,Mike Ditka,ESPN,48,160,60.15,0,90.0,10,0,0.625,0,8,0,0.5,0,10,0,0.625,0,10,0,0.6666666666666666,0,9,0,0.6428571428571429,0,8,0,0.5714285714285714,0,10,0,0.7142857142857143,0,12,0,0.8571428571428571,0,5,0,0.38461538461538464,0,6,0,0.42857142857142855,0,10,0,0.7142857142857143,0,8,0,0.5,0,10,0,0.625,0,8,0,0.5,0,11,0,0.6875,0,10,0,0.625,0,8,0,0.5,0,0,0,0,0,0,0,0,0,0,0,0,0,0,0,0,0
141,Brandon Tierney,CBS,49,158,65.833,0,91.0,12,0,0.75,0,6,0,0.375,0,11,0,0.6875,0,8,0,0.5333333333333333,0,9,0,0.6428571428571429,0,11,0,0.7857142857142857,0,10,0,0.7142857142857143,0,10,0,0.7142857142857143,0,6,0,0.46153846153846156,0,5,0,0.35714285714285715,0,7,0,0.5,0,10,0,0.625,0,12,0,0.75,0,10,0,0.625,0,10,0,0.625,0,9,0,0.5625,0,8,0,0.5,0,0,0,0,0,0,0,0,0,0,0,0,0,0,0,0,0
135,PFT Commenter,SB Nation,50,158,61.24,0,92.0,8,0,0.5,0,7,0,0.4375,0,12,0,0.75,0,9,0,0.6,0,6,0,0.42857142857142855,0,8,0,0.5714285714285714,0,10,0,0.7142857142857143,0,8,0,0.5714285714285714,0,7,0,0.5384615384615384,0,0,0,0.0,0,8,0,0.5714285714285714,0,8,0,0.5,0,11,0,0.6875,0,10,0,0.625,0,10,0,0.625,0,9,0,0.5625,0,8,0,0.5,0,0,0,0,0,0,0,0,0,0,0,0,0,0,0,0,0
139,Tony Gonzalez,CBS,51,157,61.569,0,93.0,10,0,0.625,0,4,0,0.25,0,13,0,0.8125,0,8,0,0.5333333333333333,0,9,0,0.6428571428571429,0,9,0,0.6428571428571429,0,9,0,0.6428571428571429,0,10,0,0.7142857142857143,0,6,0,0.46153846153846156,0,4,0,0.2857142857142857,0,9,0,0.6428571428571429,0,10,0,0.625,0,12,0,0.75,0,9,0,0.5625,0,11,0,0.6875,0,9,0,0.5625,0,10,0,0.625,0,0,0,0,0,0,0,0,0,0,0,0,0,0,0,0,0
58,TD Daniel,NFL,52,157,60.853,0,94.0,10,0,0.625,0,6,0,0.375,0,13,0,0.8125,0,9,0,0.6,0,7,0,0.5,0,0,0,0.0,0,9,0,0.6428571428571429,0,9,0,0.6428571428571429,0,0,0,0.0,0,0,0,0.0,0,10,0,0.7142857142857143,0,7,0,0.4375,0,12,0,0.75,0,8,0,0.5,0,0,0,0.0,0,0,0,0.0,0,0,0,0.0,0,0,0,0,0,0,0,0,0,0,0,0,0,0,0,0,0
101,Will Brinson,CBS,53,157,59.023,0,96.0,13,0,0.8125,0,6,0,0.375,0,13,0,0.8125,0,9,0,0.6,0,8,0,0.5714285714285714,0,8,0,0.5714285714285714,0,10,0,0.7142857142857143,0,11,0,0.7857142857142857,0,8,0,0.6153846153846154,0,3,0,0.21428571428571427,0,8,0,0.5714285714285714,0,10,0,0.625,0,8,0,0.5,0,11,0,0.6875,0,11,0,0.6875,0,8,0,0.5,0,9,0,0.5625,0,0,0,0,0,0,0,0,0,0,0,0,0,0,0,0,0
23,Ryan Wilson,CBS,53,157,59.023,0,96.0,9,0,0.5625,0,7,0,0.4375,0,11,0,0.6875,0,10,0,0.6666666666666666,0,8,0,0.5714285714285714,0,8,0,0.5714285714285714,0,12,0,0.8571428571428571,0,11,0,0.7857142857142857,0,6,0,0.46153846153846156,0,5,0,0.35714285714285715,0,7,0,0.5,0,10,0,0.625,0,11,0,0.6875,0,9,0,0.5625,0,8,0,0.5,0,10,0,0.625,0,11,0,0.6875,0,0,0,0,0,0,0,0,0,0,0,0,0,0,0,0,0
186,David Moore,DallasMorningNews,54,0,0.0,0,136.0,12,0,0.75,0,7,0,0.4375,0,12,0,0.75,0,12,0,0.8,0,9,0,0.6428571428571429,0,9,0,0.6428571428571429,0,9,0,0.6428571428571429,0,10,0,0.7142857142857143,0,7,0,0.5384615384615384,0,4,0,0.2857142857142857,0,10,0,0.7142857142857143,0,10,0,0.625,0,9,0,0.5625,0,11,0,0.6875,0,13,0,0.8125,0,9,0,0.5625,0,9,0,0.5625,0,0,0,0,0,0,0,0,0,0,0,0,0,0,0,0,0
175,Eric Prisbell,USA Today,54,0,0.0,0,136.0,9,0,0.5625,0,7,0,0.4375,0,11,0,0.6875,0,9,0,0.6,0,10,0,0.7142857142857143,0,8,0,0.5714285714285714,0,10,0,0.7142857142857143,0,7,0,0.5,0,8,0,0.6153846153846154,0,4,0,0.2857142857142857,0,7,0,0.5,0,10,0,0.625,0,10,0,0.625,0,9,0,0.5625,0,13,0,0.8125,0,9,0,0.5625,0,10,0,0.625,0,0,0,0,0,0,0,0,0,0,0,0,0,0,0,0,0
188,Newy Scruggs,DallasMorningNews,54,0,0.0,0,136.0,9,0,0.5625,0,6,0,0.375,0,13,0,0.8125,0,10,0,0.6666666666666666,0,9,0,0.6428571428571429,0,8,0,0.5714285714285714,0,10,0,0.7142857142857143,0,10,0,0.7142857142857143,0,6,0,0.46153846153846156,0,4,0,0.2857142857142857,0,9,0,0.6428571428571429,0,8,0,0.5,0,11,0,0.6875,0,9,0,0.5625,0,11,0,0.6875,0,8,0,0.5,0,9,0,0.5625,0,0,0,0,0,0,0,0,0,0,0,0,0,0,0,0,0
204,Cris Collinsworth,ProFootballFocus,54,0,0.0,0,136.0,8,0,0.5,0,7,0,0.4375,0,9,0,0.5625,0,9,0,0.6,0,9,0,0.6428571428571429,0,11,0,0.7857142857142857,0,8,0,0.5714285714285714,0,10,0,0.7142857142857143,0,7,0,0.5384615384615384,0,3,0,0.21428571428571427,0,6,0,0.42857142857142855,0,9,0,0.5625,0,10,0,0.625,0,8,0,0.5,0,12,0,0.75,0,8,0,0.5,0,8,0,0.5,0,0,0,0,0,0,0,0,0,0,0,0,0,0,0,0,0
200,Geoff Ulrich,DraftKings,54,0,0.0,0,136.0,12,0,0.75,0,8,0,0.5,0,16,0,1.0,0,9,0,0.6,0,8,0,0.5714285714285714,0,9,0,0.6428571428571429,0,10,0,0.7142857142857143,0,11,0,0.7857142857142857,0,8,0,0.6153846153846154,0,6,0,0.42857142857142855,0,6,0,0.42857142857142855,0,8,0,0.5,0,9,0,0.5625,0,11,0,0.6875,0,11,0,0.6875,0,8,0,0.5,0,9,0,0.5625,0,0,0,0,0,0,0,0,0,0,0,0,0,0,0,0,0
176,Conor Orr,MMQB,54,0,0.0,0,136.0,8,0,0.5,0,9,0,0.5625,0,12,0,0.75,0,11,0,0.7333333333333333,0,7,0,0.5,0,7,0,0.5,0,7,0,0.5,0,9,0,0.6428571428571429,0,7,0,0.5384615384615384,0,6,0,0.42857142857142855,0,7,0,0.5,0,8,0,0.5,0,8,0,0.5,0,8,0,0.5,0,12,0,0.75,0,9,0,0.5625,0,8,0,0.5,0,0,0,0,0,0,0,0,0,0,0,0,0,0,0,0,0
179,Ross Jones,FOX,54,0,0.0,0,136.0,12,0,0.75,0,4,0,0.25,0,13,0,0.8125,0,9,0,0.6,0,8,0,0.5714285714285714,0,9,0,0.6428571428571429,0,8,0,0.5714285714285714,0,9,0,0.6428571428571429,0,8,0,0.6153846153846154,0,4,0,0.2857142857142857,0,8,0,0.5714285714285714,0,6,0,0.375,0,11,0,0.6875,0,10,0,0.625,0,10,0,0.625,0,9,0,0.5625,0,10,0,0.625,0,0,0,0,0,0,0,0,0,0,0,0,0,0,0,0,0
205,Mike Clay,ESPN,54,0,0.0,0,136.0,12,0,0.75,0,8,0,0.5,0,11,0,0.6875,0,10,0,0.6666666666666666,0,9,0,0.6428571428571429,0,8,0,0.5714285714285714,0,9,0,0.6428571428571429,0,12,0,0.8571428571428571,0,7,0,0.5384615384615384,0,5,0,0.35714285714285715,0,9,0,0.6428571428571429,0,8,0,0.5,0,12,0,0.75,0,10,0,0.625,0,10,0,0.625,0,10,0,0.625,0,7,0,0.4375,0,0,0,0,0,0,0,0,0,0,0,0,0,0,0,0,0
178,Sid Saraf,FOX,54,0,0.0,0,136.0,12,0,0.75,0,5,0,0.3125,0,12,0,0.75,0,8,0,0.5333333333333333,0,9,0,0.6428571428571429,0,8,0,0.5714285714285714,0,5,0,0.35714285714285715,0,10,0,0.7142857142857143,0,6,0,0.46153846153846156,0,5,0,0.35714285714285715,0,9,0,0.6428571428571429,0,11,0,0.6875,0,11,0,0.6875,0,6,0,0.375,0,12,0,0.75,0,9,0,0.5625,0,11,0,0.6875,0,0,0,0,0,0,0,0,0,0,0,0,0,0,0,0,0
177,James Parziale,FOX,54,0,0.0,0,136.0,12,0,0.75,0,4,0,0.25,0,15,0,0.9375,0,9,0,0.6,0,8,0,0.5714285714285714,0,9,0,0.6428571428571429,0,9,0,0.6428571428571429,0,9,0,0.6428571428571429,0,4,0,0.3076923076923077,0,4,0,0.2857142857142857,0,9,0,0.6428571428571429,0,10,0,0.625,0,9,0,0.5625,0,7,0,0.4375,0,8,0,0.5,0,11,0,0.6875,0,10,0,0.625,0,0,0,0,0,0,0,0,0,0,0,0,0,0,0,0,0
201,Best QB (QBR),Pickwatch,54,0,0.0,0,136.0,12,0,0.75,0,8,0,0.5,0,11,0,0.6875,0,8,0,0.5333333333333333,0,10,0,0.7142857142857143,0,7,0,0.5,0,8,0,0.5714285714285714,0,8,0,0.5714285714285714,0,8,0,0.6153846153846154,0,5,0,0.35714285714285715,0,8,0,0.5714285714285714,0,5,0,0.3125,0,6,0,0.375,0,11,0,0.6875,0,10,0,0.625,0,9,0,0.5625,0,7,0,0.4375,0,0,0,0,0,0,0,0,0,0,0,0,0,0,0,0,0
194,Arif Hasan,Pickwatch,54,0,0.0,0,136.0,12,0,0.75,0,9,0,0.5625,0,14,0,0.875,0,9,0,0.6,0,9,0,0.6428571428571429,0,7,0,0.5,0,11,0,0.7857142857142857,0,9,0,0.6428571428571429,0,6,0,0.46153846153846156,0,5,0,0.35714285714285715,0,9,0,0.6428571428571429,0,7,0,0.4375,0,7,0,0.4375,0,11,0,0.6875,0,10,0,0.625,0,7,0,0.4375,0,8,0,0.5,0,0,0,0,0,0,0,0,0,0,0,0,0,0,0,0,0
191,Neil Greenberg,TheWashingtonPost,54,0,0.0,0,136.0,13,0,0.8125,0,6,0,0.375,0,11,0,0.6875,0,9,0,0.6,0,11,0,0.7857142857142857,0,7,0,0.5,0,7,0,0.5,0,7,0,0.5,0,8,0,0.6153846153846154,0,5,0,0.35714285714285715,0,8,0,0.5714285714285714,0,10,0,0.625,0,12,0,0.75,0,11,0,0.6875,0,12,0,0.75,0,9,0,0.5625,0,7,0,0.4375,0,0,0,0,0,0,0,0,0,0,0,0,0,0,0,0,0
203,Tim Ryan,Westwood One,54,0,0.0,0,136.0,13,0,0.8125,0,4,0,0.25,0,12,0,0.75,0,11,0,0.7333333333333333,0,8,0,0.5714285714285714,0,10,0,0.7142857142857143,0,10,0,0.7142857142857143,0,10,0,0.7142857142857143,0,8,0,0.6153846153846154,0,5,0,0.35714285714285715,0,9,0,0.6428571428571429,0,9,0,0.5625,0,11,0,0.6875,0,10,0,0.625,0,12,0,0.75,0,9,0,0.5625,0,9,0,0.5625,0,0,0,0,0,0,0,0,0,0,0,0,0,0,0,0,0
196,Road Teams,Pickwatch,54,0,0.0,0,136.0,6,0,0.375,0,7,0,0.4375,0,8,0,0.5,0,6,0,0.4,0,8,0,0.5714285714285714,0,6,0,0.42857142857142855,0,5,0,0.35714285714285715,0,5,0,0.35714285714285715,0,4,0,0.3076923076923077,0,11,0,0.7857142857142857,0,6,0,0.42857142857142855,0,7,0,0.4375,0,11,0,0.6875,0,7,0,0.4375,0,9,0,0.5625,0,5,0,0.3125,0,7,0,0.4375,0,0,0,0,0,0,0,0,0,0,0,0,0,0,0,0,0
170,Jeff Chadiha,NFL,54,0,0.0,0,136.0,1,0,0.0625,0,0,0,0.0,0,0,0,0.0,0,0,0,0.0,0,0,0,0.0,0,0,0,0.0,0,0,0,0.0,0,0,0,0.0,0,0,0,0.0,0,0,0,0.0,0,0,0,0.0,0,0,0,0.0,0,0,0,0.0,0,0,0,0.0,0,0,0,0.0,0,0,0,0.0,0,0,0,0.0,0,0,0,0,0,0,0,0,0,0,0,0,0,0,0,0,0
169,Brian Billick,NFL,54,0,0.0,0,136.0,1,0,0.0625,0,0,0,0.0,0,0,0,0.0,0,0,0,0.0,0,0,0,0.0,0,0,0,0.0,0,0,0,0.0,0,0,0,0.0,0,0,0,0.0,0,0,0,0.0,0,0,0,0.0,0,0,0,0.0,0,0,0,0.0,0,0,0,0.0,0,0,0,0.0,0,0,0,0.0,0,0,0,0.0,0,0,0,0,0,0,0,0,0,0,0,0,0,0,0,0,0
173,Adam Caplan,ESPN,54,0,0.0,0,136.0,10,0,0.625,0,5,0,0.3125,0,11,0,0.6875,0,9,0,0.6,0,9,0,0.6428571428571429,0,10,0,0.7142857142857143,0,10,0,0.7142857142857143,0,11,0,0.7857142857142857,0,8,0,0.6153846153846154,0,4,0,0.2857142857142857,0,8,0,0.5714285714285714,0,11,0,0.6875,0,10,0,0.625,0,7,0,0.4375,0,11,0,0.6875,0,8,0,0.5,0,10,0,0.625,0,0,0,0,0,0,0,0,0,0,0,0,0,0,0,0,0
171,Sean Tomlinson,Bleacher Report,54,0,0.0,0,136.0,10,0,0.625,0,6,0,0.375,0,13,0,0.8125,0,9,0,0.6,0,9,0,0.6428571428571429,0,8,0,0.5714285714285714,0,10,0,0.7142857142857143,0,8,0,0.5714285714285714,0,6,0,0.46153846153846156,0,6,0,0.42857142857142855,0,10,0,0.7142857142857143,0,8,0,0.5,0,10,0,0.625,0,9,0,0.5625,0,11,0,0.6875,0,9,0,0.5625,0,11,0,0.6875,0,0,0,0,0,0,0,0,0,0,0,0,0,0,0,0,0
180,D.J. Foster,FOX,54,0,0.0,0,136.0,10,0,0.625,0,6,0,0.375,0,12,0,0.75,0,8,0,0.5333333333333333,0,11,0,0.7857142857142857,0,8,0,0.5714285714285714,0,9,0,0.6428571428571429,0,8,0,0.5714285714285714,0,7,0,0.5384615384615384,0,4,0,0.2857142857142857,0,9,0,0.6428571428571429,0,9,0,0.5625,0,11,0,0.6875,0,8,0,0.5,0,14,0,0.875,0,9,0,0.5625,0,8,0,0.5,0,0,0,0,0,0,0,0,0,0,0,0,0,0,0,0,0
184,Jon Machota,DallasMorningNews,54,0,0.0,0,136.0,10,0,0.625,0,6,0,0.375,0,11,0,0.6875,0,8,0,0.5333333333333333,0,9,0,0.6428571428571429,0,7,0,0.5,0,9,0,0.6428571428571429,0,7,0,0.5,0,7,0,0.5384615384615384,0,3,0,0.21428571428571427,0,11,0,0.7857142857142857,0,8,0,0.5,0,12,0,0.75,0,11,0,0.6875,0,13,0,0.8125,0,7,0,0.4375,0,8,0,0.5,0,0,0,0,0,0,0,0,0,0,0,0,0,0,0,0,0
192,Mike Carlson,NFL,54,0,0.0,0,136.0,10,0,0.625,0,7,0,0.4375,0,12,0,0.75,0,10,0,0.6666666666666666,0,8,0,0.5714285714285714,0,9,0,0.6428571428571429,0,10,0,0.7142857142857143,0,10,0,0.7142857142857143,0,8,0,0.6153846153846154,0,5,0,0.35714285714285715,0,9,0,0.6428571428571429,0,9,0,0.5625,0,11,0,0.6875,0,11,0,0.6875,0,12,0,0.75,0,9,0,0.5625,0,9,0,0.5625,0,0,0,0,0,0,0,0,0,0,0,0,0,0,0,0,0
195,Home Teams,Pickwatch,54,0,0.0,0,136.0,10,0,0.625,0,9,0,0.5625,0,8,0,0.5,0,9,0,0.6,0,6,0,0.42857142857142855,0,8,0,0.5714285714285714,0,9,0,0.6428571428571429,0,9,0,0.6428571428571429,0,9,0,0.6923076923076923,0,3,0,0.21428571428571427,0,8,0,0.5714285714285714,0,9,0,0.5625,0,5,0,0.3125,0,9,0,0.5625,0,7,0,0.4375,0,11,0,0.6875,0,9,0,0.5625,0,0,0,0,0,0,0,0,0,0,0,0,0,0,0,0,0
198,Ross Tucker,Westwood One,54,0,0.0,0,136.0,10,0,0.625,0,9,0,0.5625,0,9,0,0.5625,0,11,0,0.7333333333333333,0,7,0,0.5,0,8,0,0.5714285714285714,0,11,0,0.7857142857142857,0,11,0,0.7857142857142857,0,8,0,0.6153846153846154,0,7,0,0.5,0,8,0,0.5714285714285714,0,10,0,0.625,0,11,0,0.6875,0,9,0,0.5625,0,12,0,0.75,0,10,0,0.625,0,9,0,0.5625,0,0,0,0,0,0,0,0,0,0,0,0,0,0,0,0,0
207,Pickwatch Phil,Pickwatch,54,0,0.0,0,136.0,11,0,0.6875,0,7,0,0.4375,0,12,0,0.75,0,10,0,0.6666666666666666,0,8,0,0.5714285714285714,0,7,0,0.5,0,9,0,0.6428571428571429,0,9,0,0.6428571428571429,0,7,0,0.5384615384615384,0,7,0,0.5,0,8,0,0.5714285714285714,0,10,0,0.625,0,11,0,0.6875,0,11,0,0.6875,0,10,0,0.625,0,10,0,0.625,0,9,0,0.5625,0,0,0,0,0,0,0,0,0,0,0,0,0,0,0,0,0
197,Mario Mergola,Sporfolio,54,0,0.0,0,136.0,10,0,0.625,0,7,0,0.4375,0,9,0,0.5625,0,9,0,0.6,0,6,0,0.42857142857142855,0,9,0,0.6428571428571429,0,13,0,0.9285714285714286,0,9,0,0.6428571428571429,0,8,0,0.6153846153846154,0,6,0,0.42857142857142855,0,9,0,0.6428571428571429,0,5,0,0.3125,0,11,0,0.6875,0,12,0,0.75,0,10,0,0.625,0,9,0,0.5625,0,7,0,0.4375,0,0,0,0,0,0,0,0,0,0,0,0,0,0,0,0,0
185,Craig Miller,DallasMorningNews,54,0,0.0,0,136.0,11,0,0.6875,0,7,0,0.4375,0,12,0,0.75,0,10,0,0.6666666666666666,0,8,0,0.5714285714285714,0,9,0,0.6428571428571429,0,11,0,0.7857142857142857,0,11,0,0.7857142857142857,0,6,0,0.46153846153846156,0,3,0,0.21428571428571427,0,6,0,0.42857142857142855,0,9,0,0.5625,0,9,0,0.5625,0,11,0,0.6875,0,12,0,0.75,0,10,0,0.625,0,8,0,0.5,0,0,0,0,0,0,0,0,0,0,0,0,0,0,0,0,0
189,Kevin Sherrington,DallasMorningNews,54,0,0.0,0,136.0,11,0,0.6875,0,8,0,0.5,0,8,0,0.5,0,10,0,0.6666666666666666,0,7,0,0.5,0,8,0,0.5714285714285714,0,10,0,0.7142857142857143,0,11,0,0.7857142857142857,0,4,0,0.3076923076923077,0,3,0,0.21428571428571427,0,8,0,0.5714285714285714,0,9,0,0.5625,0,8,0,0.5,0,10,0,0.625,0,10,0,0.625,0,9,0,0.5625,0,7,0,0.4375,0,0,0,0,0,0,0,0,0,0,0,0,0,0,0,0,0
168,Jared Dubin,CBS,54,0,0.0,0,136.0,11,0,0.6875,0,8,0,0.5,0,12,0,0.75,0,10,0,0.6666666666666666,0,7,0,0.5,0,8,0,0.5714285714285714,0,10,0,0.7142857142857143,0,8,0,0.5714285714285714,0,7,0,0.5384615384615384,0,5,0,0.35714285714285715,0,7,0,0.5,0,6,0,0.375,0,9,0,0.5625,0,11,0,0.6875,0,12,0,0.75,0,10,0,0.625,0,9,0,0.5625,0,0,0,0,0,0,0,0,0,0,0,0,0,0,0,0,0
193,Neil Reynolds,NFL,54,0,0.0,0,136.0,9,0,0.5625,0,7,0,0.4375,0,13,0,0.8125,0,8,0,0.5333333333333333,0,8,0,0.5714285714285714,0,7,0,0.5,0,11,0,0.7857142857142857,0,11,0,0.7857142857142857,0,8,0,0.6153846153846154,0,4,0,0.2857142857142857,0,8,0,0.5714285714285714,0,11,0,0.6875,0,11,0,0.6875,0,10,0,0.625,0,13,0,0.8125,0,8,0,0.5,0,10,0,0.625,0,0,0,0,0,0,0,0,0,0,0,0,0,0,0,0,0
181,Tim Cowlishaw,DallasMorningNews,54,0,0.0,0,136.0,9,0,0.5625,0,7,0,0.4375,0,10,0,0.625,0,9,0,0.6,0,7,0,0.5,0,6,0,0.42857142857142855,0,9,0,0.6428571428571429,0,11,0,0.7857142857142857,0,8,0,0.6153846153846154,0,5,0,0.35714285714285715,0,9,0,0.6428571428571429,0,13,0,0.8125,0,7,0,0.4375,0,6,0,0.375,0,12,0,0.75,0,9,0,0.5625,0,11,0,0.6875,0,0,0,0,0,0,0,0,0,0,0,0,0,0,0,0,0
206,Jeff Dooley,ProFootballFocus,54,0,0.0,0,136.0,9,0,0.5625,0,10,0,0.625,0,13,0,0.8125,0,10,0,0.6666666666666666,0,7,0,0.5,0,5,0,0.35714285714285715,0,7,0,0.5,0,10,0,0.7142857142857143,0,7,0,0.5384615384615384,0,3,0,0.21428571428571427,0,10,0,0.7142857142857143,0,7,0,0.4375,0,12,0,0.75,0,10,0,0.625,0,13,0,0.8125,0,9,0,0.5625,0,8,0,0.5,0,0,0,0,0,0,0,0,0,0,0,0,0,0,0,0,0
183,Rick Gosselin,DallasMorningNews,54,0,0.0,0,136.0,9,0,0.5625,0,6,0,0.375,0,11,0,0.6875,0,13,0,0.8666666666666667,0,8,0,0.5714285714285714,0,8,0,0.5714285714285714,0,8,0,0.5714285714285714,0,13,0,0.9285714285714286,0,8,0,0.6153846153846154,0,5,0,0.35714285714285715,0,10,0,0.7142857142857143,0,11,0,0.6875,0,9,0,0.5625,0,9,0,0.5625,0,10,0,0.625,0,11,0,0.6875,0,10,0,0.625,0,0,0,0,0,0,0,0,0,0,0,0,0,0,0,0,0
202,Best Defense (PPG),Pickwatch,54,0,0.0,0,136.0,9,0,0.5625,0,10,0,0.625,0,9,0,0.5625,0,8,0,0.5333333333333333,0,11,0,0.7857142857142857,0,10,0,0.7142857142857143,0,9,0,0.6428571428571429,0,8,0,0.5714285714285714,0,9,0,0.6923076923076923,0,5,0,0.35714285714285715,0,6,0,0.42857142857142855,0,9,0,0.5625,0,10,0,0.625,0,9,0,0.5625,0,13,0,0.8125,0,6,0,0.375,0,10,0,0.625,0,0,0,0,0,0,0,0,0,0,0,0,0,0,0,0,0
199,Tony Boselli,Westwood One,54,0,0.0,0,136.0,11,0,0.6875,0,7,0,0.4375,0,13,0,0.8125,0,10,0,0.6666666666666666,0,8,0,0.5714285714285714,0,6,0,0.42857142857142855,0,10,0,0.7142857142857143,0,8,0,0.5714285714285714,0,6,0,0.46153846153846156,0,7,0,0.5,0,7,0,0.5,0,11,0,0.6875,0,9,0,0.5625,0,12,0,0.75,0,12,0,0.75,0,7,0,0.4375,0,6,0,0.375,0,0,0,0,0,0,0,0,0,0,0,0,0,0,0,0,0
172,OddsShark,Oddsshark,54,0,0.0,0,136.0,11,0,0.6875,0,6,0,0.375,0,9,0,0.5625,0,11,0,0.7333333333333333,0,9,0,0.6428571428571429,0,8,0,0.5714285714285714,0,10,0,0.7142857142857143,0,10,0,0.7142857142857143,0,6,0,0.46153846153846156,0,4,0,0.2857142857142857,0,6,0,0.42857142857142855,0,11,0,0.6875,0,11,0,0.6875,0,10,0,0.625,0,12,0,0.75,0,12,0,0.75,0,10,0,0.625,0,0,0,0,0,0,0,0,0,0,0,0,0,0,0,0,0
174,Mike Middlehurst-Schwartz,USA Today,54,0,0.0,0,136.0,9,0,0.5625,0,8,0,0.5,0,13,0,0.8125,0,10,0,0.6666666666666666,0,10,0,0.7142857142857143,0,9,0,0.6428571428571429,0,9,0,0.6428571428571429,0,11,0,0.7857142857142857,0,6,0,0.46153846153846156,0,5,0,0.35714285714285715,0,7,0,0.5,0,10,0,0.625,0,9,0,0.5625,0,11,0,0.6875,0,11,0,0.6875,0,8,0,0.5,0,8,0,0.5,0,0,0,0,0,0,0,0,0,0,0,0,0,0,0,0,0
182,Brandon George,DallasMorningNews,54,0,0.0,0,136.0,11,0,0.6875,0,8,0,0.5,0,10,0,0.625,0,10,0,0.6666666666666666,0,10,0,0.7142857142857143,0,10,0,0.7142857142857143,0,11,0,0.7857142857142857,0,9,0,0.6428571428571429,0,7,0,0.5384615384615384,0,5,0,0.35714285714285715,0,9,0,0.6428571428571429,0,11,0,0.6875,0,11,0,0.6875,0,9,0,0.5625,0,13,0,0.8125,0,11,0,0.6875,0,9,0,0.5625,0,0,0,0,0,0,0,0,0,0,0,0,0,0,0,0,0
156,Sam Farmer,LosAngelesTimes,54,0,0.0,0,136.0,12,0,0.75,0,4,0,0.25,0,13,0,0.8125,0,10,0,0.6666666666666666,0,11,0,0.7857142857142857,0,8,0,0.5714285714285714,0,10,0,0.7142857142857143,0,8,0,0.5714285714285714,0,7,0,0.5384615384615384,0,7,0,0.5,0,7,0,0.5,0,10,0,0.625,0,9,0,0.5625,0,9,0,0.5625,0,11,0,0.6875,0,0,0,0.0,0,10,0,0.625,0,0,0,0,0,0,0,0,0,0,0,0,0,0,0,0,0
190,Dana Larson,DallasMorningNews,54,0,0.0,0,136.0,12,0,0.75,0,7,0,0.4375,0,13,0,0.8125,0,11,0,0.7333333333333333,0,9,0,0.6428571428571429,0,8,0,0.5714285714285714,0,9,0,0.6428571428571429,0,12,0,0.8571428571428571,0,8,0,0.6153846153846154,0,4,0,0.2857142857142857,0,11,0,0.7857142857142857,0,11,0,0.6875,0,8,0,0.5,0,9,0,0.5625,0,12,0,0.75,0,11,0,0.6875,0,8,0,0.5,0,0,0,0,0,0,0,0,0,0,0,0,0,0,0,0,0
